Client Name,Arts & Culture,"Auto, Luxury & Lifestyle Brands","Events, Venues & Festivals",Hotels & Resorts,Non-Profits & Foundations,Private Clubs & Luxury Establishments,Special Event Venues,Sports & Athletic Associations,"Tech, Corporate & FInance",Wine & Spirits
Adobe Systems,No,No,No,No,No,No,No,No,Yes,No
Alila Napa Valley,No,No,No,Yes,No,No,No,No,No,No
Annadel Estate Winery,No,No,No,No,No,No,No,No,No,Yes
Apple,No,No,No,No,No,No,No,No,Yes,No
Artesa Winery,No,No,No,No,No,No,No,No,No,Yes
Asana,No,No,No,No,No,No,No,No,Yes,No
Asian Art Museum,Yes,No,No,No,No,No,No,No,No,No
Auberge du Soleil,No,No,No,Yes,No,No,No,No,No,No
Autodesk,No,No,No,No,No,No,No,No,Yes,No
Bandaloop,Yes,No,No,No,No,No,No,No,No,No
Barndiva,No,No,No,No,No,No,Yes,No,No,No
Beaulieu,No,No,No,No,No,No,No,No,No,Yes
Beijing Spring Fest,No,No,Yes,No,No,No,No,No,No,No
Bellagio Las Vegas,No,No,No,Yes,No,No,No,No,No,No
Beltane Ranch,No,No,No,Yes,No,No,No,No,No,No
Bentley Reserve,No,No,No,No,No,No,Yes,No,No,No
Beringer Vineyards,No,No,No,No,No,No,No,No,No,Yes
BMW,No,Yes,No,No,No,No,No,No,No,No
Boston Consulting Group,No,No,No,No,No,No,No,No,Yes,No
Bottle Rock,No,No,Yes,No,No,No,No,No,No,No
BR Cohn Winery,No,No,No,No,No,No,No,No,No,Yes
Burning Man,No,No,Yes,No,No,No,No,No,No,No
Cabfest,No,No,Yes,No,No,No,No,No,No,No
Cache Creek Casino,No,No,No,Yes,No,No,No,No,No,No
Cade Estate Winery,No,No,No,No,No,No,No,No,No,Yes
California Jazz Conservatory,Yes,No,No,No,No,No,No,No,No,No
Calistoga Ranch,No,No,No,Yes,No,No,No,No,No,No
Carnegie Hall,No,No,Yes,No,No,No,No,No,No,No
Carneros,No,No,No,No,No,No,No,No,No,Yes
Castello di Amorosa,No,No,No,No,No,No,No,No,No,Yes
Caymus,No,No,No,No,No,No,No,No,No,Yes
Chalk Hill Estate,No,No,No,No,No,No,No,No,No,Yes
Charles Krug,No,No,No,No,No,No,No,No,No,Yes
Cirque du Soleil,Yes,No,No,No,No,No,No,No,No,No
Cisco,No,No,No,No,No,No,No,No,Yes,No
Classical Tahoe,Yes,No,No,No,No,No,No,No,No,No
Cliff Lede Wines,No,No,No,No,No,No,No,No,No,Yes
Club Fugazi,Yes,No,No,No,No,No,No,No,No,No
Common Spirit Philanthropy,No,No,No,No,Yes,No,No,No,No,No
Corinthian Grand Ballroom,No,No,No,No,No,No,Yes,No,No,No
Dannijo,No,Yes,No,No,No,No,No,No,No,No
Davis Estates,No,No,No,No,No,No,Yes,No,No,No
De Young Museum,Yes,No,No,No,No,No,No,No,No,No
Dell,No,No,No,No,No,No,No,No,Yes,No
Despertares Mexico,No,No,Yes,No,No,No,No,No,No,No
Domaine Carneros,No,No,No,No,No,No,No,No,No,Yes
Elizabeth Spencer Winery,No,No,No,No,No,No,No,No,No,Yes
Elliston Vineyards,No,No,No,No,No,No,No,No,No,Yes
Estate Yountville,No,No,No,No,No,No,Yes,No,No,No
Etude Wines,No,No,No,No,No,No,No,No,No,Yes
Exploratorium SF,Yes,No,No,No,No,No,No,No,No,No
Fairmont Grand Del Mar,No,No,No,Yes,No,No,No,No,No,No
Fairmont SF,No,No,No,Yes,No,No,No,No,No,No
Farallon Capital Management,No,No,No,No,No,No,No,No,Yes,No
Ferrari,No,Yes,No,No,No,No,No,No,No,No
Ferrari Carano Vineyards and Winery,No,No,No,No,No,No,No,No,No,Yes
Fillmore SF,No,No,Yes,No,No,No,No,No,No,No
Filoli,Yes,No,No,No,No,No,No,No,No,No
Flood Mansion,No,No,No,No,No,No,Yes,No,No,No
Four Seasons,No,No,No,Yes,No,No,No,No,No,No
Freemasons,Yes,No,No,No,No,No,No,No,No,No
Gardener Ranch,No,No,No,No,No,No,Yes,No,No,No
Gatorade,No,No,No,No,No,No,No,Yes,No,No
Genentech,No,No,No,No,No,No,No,No,Yes,No
Github,No,No,No,No,No,No,No,No,Yes,No
Glow SF,No,No,Yes,No,No,No,No,No,No,No
Goldman Sachs,No,No,No,No,No,No,No,No,Yes,No
Google,No,No,No,No,No,No,No,No,Yes,No
Grgich Hills Winery,No,No,No,No,No,No,No,No,No,Yes
Hans Fahden Vineyards,No,No,No,No,No,No,No,No,No,Yes
Hermes,No,Yes,No,No,No,No,No,No,No,No
Hilton,No,No,No,Yes,No,No,No,No,No,No
IAAPA,No,No,Yes,No,No,No,No,No,No,No
IBM,No,No,No,No,No,No,No,No,Yes,No
ILEA,No,No,No,No,Yes,No,No,No,No,No
Illumina,No,No,No,No,No,No,No,No,Yes,No
Imagine Festival Orcas Island,No,No,Yes,No,No,No,No,No,No,No
Inglenook,No,No,No,No,No,No,No,No,No,Yes
Intercontinental Hotels,No,No,No,Yes,No,No,No,No,No,No
Jacuzzi Family Vineyards,No,No,No,No,No,No,No,No,No,Yes
JLABS,No,No,No,No,No,No,No,No,Yes,No
Julia Morgan Ballroom,No,No,No,No,No,No,Yes,No,No,No
Juul,No,No,No,No,No,No,No,No,Yes,No
Kennedy Center,No,No,Yes,No,No,No,No,No,No,No
Kohl Mansion,No,No,No,No,No,No,Yes,No,No,No
Kunde,No,No,No,No,No,No,No,No,No,Yes
La Crema Winery,No,No,No,No,No,No,No,No,No,Yes
Le Poisson Rouge NYC,No,No,Yes,No,No,No,No,No,No,No
Levi's Stadium (SF 49ers Stadium),No,No,No,No,No,No,No,Yes,No,No
Lexus,No,Yes,No,No,No,No,No,No,No,No
Lightning In a Bottle,No,No,Yes,No,No,No,No,No,No,No
Louis Martini Winery,No,No,No,No,No,No,No,No,No,Yes
Love Shack Fancy,No,Yes,No,No,No,No,No,No,No,No
LymeLight Foundation,No,No,No,No,Yes,No,No,No,No,No
Marin Art & Garden Center,No,No,No,No,No,No,Yes,No,No,No
Markham Vineyards,No,No,No,No,No,No,No,No,No,Yes
Materra / Cunat Family Vineyards,No,No,No,No,No,No,No,No,No,Yes
Mayacama Golf Club,No,No,No,No,No,Yes,No,No,No,No
Mayacamas Vineyards,No,No,No,No,No,No,No,No,No,Yes
Meadowwood,No,No,No,Yes,No,No,No,No,No,No
Meraki,No,No,No,No,No,No,No,No,Yes,No
Mercedes,No,Yes,No,No,No,No,No,No,No,No
Mercury Soul,Yes,No,No,No,No,No,No,No,No,No
Meritage Resort,No,No,No,Yes,No,No,No,No,No,No
Microsoft,No,No,No,No,No,No,No,No,Yes,No
Monterey Jazz Fest,No,No,Yes,No,No,No,No,No,No,No
Monterey Peninsula Country Club,No,No,No,No,No,Yes,No,No,No,No
Montreal Jazz Festival,No,No,Yes,No,No,No,No,No,No,No
Morgan Stanley,No,No,No,No,No,No,No,No,Yes,No
Mountain Stage,Yes,No,No,No,No,No,No,No,No,No
Mountain Winery,No,No,No,No,No,No,No,No,No,Yes
National Football League (NFL),No,No,No,No,No,No,No,Yes,No,No
National Hockey League (NHL),No,No,No,No,No,No,No,Yes,No,No
NEXT Insurance,No,No,No,No,No,No,No,No,Yes,No
NFL Players Association,No,No,No,No,No,No,No,Yes,No,No
Noisepop,No,No,Yes,No,No,No,No,No,No,No
Oakland Symphony,Yes,No,No,No,No,No,No,No,No,No
Oracle Park (Giant’s Stadium),No,No,No,No,No,No,No,Yes,No,No
Oregon Shakespeare Festival,No,No,Yes,No,No,No,No,No,No,No
Pacific Union Club,No,No,No,No,No,Yes,No,No,No,No
Pandora,No,No,No,No,No,No,No,No,Yes,No
Pebble Beach Resort,No,No,No,Yes,No,No,No,No,No,No
Peju Province Winery,No,No,No,No,No,No,No,No,No,Yes
Penfolds,No,No,No,No,No,No,No,No,No,Yes
Pine Ridge Vineyards,No,No,No,No,No,No,No,No,No,Yes
Planned Parenthood,No,No,No,No,Yes,No,No,No,No,No
Playboy Jazz Fest,No,No,Yes,No,No,No,No,No,No,No
PlumpJack Estate,No,No,No,No,No,No,No,No,No,Yes
Porsche,No,Yes,No,No,No,No,No,No,No,No
Promontory Winery,No,No,No,No,No,No,No,No,No,Yes
PWC,No,No,No,No,No,No,No,No,Yes,No
Raymond Vineyard & Cellar,No,No,No,No,No,No,No,No,No,Yes
Red Cross,No,No,No,No,Yes,No,No,No,No,No
Rengstorff House,No,No,No,No,No,No,Yes,No,No,No
Ritz Carlton,No,No,No,Yes,No,No,No,No,No,No
Robert Mondavi Winery,No,No,No,No,No,No,No,No,No,Yes
Rock the Bells,No,No,Yes,No,No,No,No,No,No,No
Round Hill Country Club,No,No,No,No,No,Yes,No,No,No,No
Roy Estate,No,No,No,No,No,No,No,No,No,Yes
Rudd Estate,No,No,No,No,No,No,No,No,No,Yes
Rutherford House,No,No,No,No,No,No,Yes,No,No,No
Salesforce,No,No,No,No,No,No,No,No,Yes,No
San Francisco Symphony,Yes,No,No,No,No,No,No,No,No,No
San Jose Jazz Fest,No,No,Yes,No,No,No,No,No,No,No
Scale AI,No,No,No,No,No,No,No,No,Yes,No
Seascape Golf Club,No,No,No,No,No,Yes,No,No,No,No
Sephora,No,Yes,No,No,No,No,No,No,No,No
SF Aids Foundation,No,No,No,No,Yes,No,No,No,No,No
SF Giants,No,No,No,No,No,No,No,Yes,No,No
SFGH Foundation,No,No,No,No,Yes,No,No,No,No,No
SFJAZZ,Yes,No,No,No,No,No,No,No,No,No
SFMOMA,Yes,No,No,No,No,No,No,No,No,No
Shoreline Amphitheater,No,No,Yes,No,No,No,No,No,No,No
Silicon Valley Leadership Group,No,No,No,No,Yes,No,No,No,No,No
Silver Oak Cellars,No,No,No,No,No,No,No,No,No,Yes
Silverado Resort,No,No,No,Yes,No,No,No,No,No,No
Solage,No,No,No,Yes,No,No,No,No,No,No
Sonoma Country Day School,No,No,No,No,No,No,Yes,No,No,No
Sonoma Epicurean,No,No,No,No,Yes,No,No,No,No,No
Sonoma Golf Club,No,No,No,No,No,Yes,No,No,No,No
Sonoma Horse Park,No,No,No,No,No,No,Yes,No,No,No
Sonoma Mission Inn,No,No,No,Yes,No,No,No,No,No,No
Spark Capital,No,No,No,No,No,No,No,No,Yes,No
St Joseph’s Art Academy,Yes,No,No,No,No,No,No,No,No,No
St Regis,No,No,No,Yes,No,No,No,No,No,No
Stag’s Leap,No,No,No,No,No,No,No,No,No,Yes
Stanly Ranch,No,No,No,Yes,No,No,No,No,No,No
Starr Lake Vineyards,No,No,No,No,No,No,No,No,No,Yes
Summer Stage NYC,No,No,Yes,No,No,No,No,No,No,No
Summit,No,No,Yes,No,No,No,No,No,No,No
Supermicro,No,No,No,No,No,No,No,No,Yes,No
Sutter Health,No,No,No,No,Yes,No,No,No,No,No
Symbiosis,No,No,Yes,No,No,No,No,No,No,No
Tahoe Symphony,Yes,No,No,No,No,No,No,No,No,No
TED,No,No,No,No,No,No,No,No,Yes,No
Tehama Golf Club,No,No,No,No,No,Yes,No,No,No,No
The Battery SF,No,No,No,No,No,Yes,No,No,No,No
The Olympic Club,No,No,No,No,No,Yes,No,No,No,No
The Pearl,No,No,No,No,No,No,Yes,No,No,No
Theorem Vineyards,No,No,No,No,No,No,No,No,No,Yes
Tiffany & Co.,No,Yes,No,No,No,No,No,No,No,No
Toyota,No,Yes,No,No,No,No,No,No,No,No
Tre Posti,No,No,No,No,No,No,Yes,No,No,No
Triple S Ranch,No,No,No,No,No,No,Yes,No,No,No
Tsar Nicoulai Caviar,No,Yes,No,No,No,No,No,No,No,No
Uber,No,No,No,No,No,No,No,No,Yes,No
UBS Workplace Wealth Solutions,No,No,No,No,No,No,No,No,Yes,No
University Club,No,No,No,No,No,Yes,No,No,No,No
V Foundation,No,No,No,No,Yes,No,No,No,No,No
V. Sattui Winery,No,No,No,No,No,No,No,No,No,Yes
Venetian Las Vegas,No,No,No,Yes,No,No,No,No,No,No
Viansa,No,No,No,No,No,No,No,No,No,Yes
Vintage Estates,No,No,No,No,No,No,No,No,No,Yes
Vintner Inn,No,No,No,Yes,No,No,No,No,No,No
Wente Vineyards,No,No,No,No,No,No,No,No,No,Yes
World Education Congress,No,No,No,No,No,No,Yes,No,No,No
Wright Station Winery,No,No,No,No,No,No,No,No,No,Yes
Wynn Las Vegas,No,No,No,Yes,No,No,No,No,No,No
Yerba Buena Gardens Festival,No,No,Yes,No,No,No,No,No,No,No
YouTube,No,No,No,No,No,No,No,No,Yes,No